{
    "Version": "1",
    "MinCompatibleVersion": "1",
    "Computers": [
        {
            "Keys": [
                {
                    "Key": "HKEY_USERS-HKEY_USERS\\S-1-5-21-2224665914-2506686423-1635743004-500-HKEY_USERS\\S-1-5-21-2224665914-2506686423-1635743004-500_Classes",
                    "Count": "30225"
                },
                {
                    "Key": "HKEY_LOCAL_MACHINE-HKEY_LOCAL_MACHINE\\SYSTEM\\ControlSet001",
                    "Count": "464182"
                },
                {
                    "Key": "HKEY_CURRENT_USER",
                    "Count": "22553"
                },
                {
                    "Key": "HKEY_CURRENT_CONFIG",
                    "Count": "11"
                }
            ]
        }
    ]
}
